InstrumentCode,InstrumentName,post_name,guid,post_date,category,post_status,post_status.1,Year,raw_category,document_type,classification_status,Migrate,Naming Convention,Folder_Name
SGJ,SCOTIA GROUP JAMAICA LIMITED,scotia-group-jamaica-limited-notice-re-supreme-court-to-hear-claim-no-su-2021-cd-00005-on-february-19-2021,https://www.jamstockex.com/wp-content/uploads/2021/02/Scotia-Group-Jamaica-Limited-Notice-re-Supreme-Court-to-Hear-Claim-No.-SU-2021-CD-00005-on-February-19-2021.pdf,1/2/2021 16:34,"General Meetings (AGM’s, Extra-Ordinary or Other Shareholders Meetings),Articles",inherit,publish,2021,,other_company_news,pending,Yes,company_name - symbol - other_company_news - Posting Date,other_company_news_new
JSE,JAMAICA STOCK EXCHANGE,jamaica-60-diaspora-conference,https://www.jamstockex.com/wp-content/uploads/2022/06/Jamaica-60-Diaspora-Conference.pdf,10/6/2022 10:57,General,inherit,publish,2022,{document_type: Other},jse_event_news,success,Yes,jse_event_news - Posting Date,jse_event_news_new
JSE,JAMAICA STOCK EXCHANGE,registration-and-payment-options-annual-corporate-secretarys-workshop-20-may-2022,https://www.jamstockex.com/wp-content/uploads/2022/05/Registration-and-Payment-Options-Annual-Corporate-Secretarys-Workshop-20-May-2022.pdf,10/5/2022 18:13,General,inherit,publish,2022,{document_type: Other},jse_event_news,success,Yes,jse_event_news - Posting Date,jse_event_news_new
GK,GRACEKENNEDY LIMITED,news-release-gk100-launched-15012022,https://www.jamstockex.com/wp-content/uploads/2022/01/News-Release-GK100-LAUNCHED-15012022.pdf,15/1/2022 12:39,Articles,inherit,publish,2022,{document_type: Other Company News},other_company_news,success,Yes,company_name - symbol - other_company_news - Posting Date,other_company_news_new
CCC,CARIBBEAN CEMENT COMPANY LTD.,disclosure-execution-of-services-i-p-agreements,https://www.jamstockex.com/wp-content/uploads/2022/01/Disclosure-Execution-of-Services-I.P.-Agreements.pdf,26/1/2022 15:33,Articles,inherit,publish,2022,{document_type: Other Company News},other_company_news,success,Yes,company_name - symbol - other_company_news - Posting Date,other_company_news_new
138SL,138 STUDENT LIVING JAMAICA LIMITED,138-student-living-jamaica-limited-138-sl-notice-of-proceedings-for-newspaper,https://www.jamstockex.com/wp-content/uploads/2021/04/138-Student-Living-Jamaica-Limited-138-SL-Notice-of-Proceedings-for-Newspaper.pdf,1/4/2021 8:48,Articles,inherit,publish,2021,{document_type: General Meetings},general_meetings,success,Yes,company_name - symbol- general_meetings - Posting Date,general_meetings_new
138SL,138 STUDENT LIVING JAMAICA LIMITED,agm-cover-letter-2024,https://www.jamstockex.com/wp-content/uploads/2024/01/AGM-Cover-Letter-2024.pdf,30/1/2024 19:18,"General Meetings (AGM’s, Extra-Ordinary or Other Shareholders Meetings)",inherit,publish,2024,{document_type: General Meetings},other_company_news,success,Yes,company_name - symbol - other_company_news - Posting Date,other_company_news_new
138SL,138 STUDENT LIVING JAMAICA LIMITED,agm-cover-letter-2024,https://www.jamstockex.com/wp-content/uploads/2024/01/AGM-Cover-Letter-2024.pdf,30/1/2024 19:18,"General Meetings (AGM’s, Extra-Ordinary or Other Shareholders Meetings)",inherit,publish,2024,{document_type: General Meetings},general_meetings,success,Yes,company_name - symbol- general_meetings - Posting Date,general_meetings_new
138SL,138 STUDENT LIVING JAMAICA LIMITED,agm-letter-to-shareholders-2025-138sl-2,https://www.jamstockex.com/wp-content/uploads/2025/02/AGM-Letter-to-Shareholders-2025-138SL-1.pdf,20/2/2025 16:06,"General Meetings (AGM’s,General Meetings (AGM’s, Extra-Ordinary or Other Shareholders Meetings)",inherit,publish,2025,{document_type: General Meetings},other_company_news,success,Yes,company_name - symbol - other_company_news - Posting Date,other_company_news_new
138SL,138 STUDENT LIVING JAMAICA LIMITED,agm-letter-to-shareholders-2025-138sl-2,https://www.jamstockex.com/wp-content/uploads/2025/02/AGM-Letter-to-Shareholders-2025-138SL-1.pdf,20/2/2025 16:06,"General Meetings (AGM’s,General Meetings (AGM’s, Extra-Ordinary or Other Shareholders Meetings)",inherit,publish,2025,{document_type: General Meetings},general_meetings,success,Yes,company_name - symbol- general_meetings - Posting Date,general_meetings_new
1834,1834 INVESTMENTS LIMITED,rjr-gleaner-notice-to-shareholders,https://www.jamstockex.com/wp-content/uploads/2015/12/RJR-GLEANER-Notice-to-Shareholders.pdf,4/12/2015 9:19,"General Meetings (AGM’s, Extra-Ordinary or Other Shareholders Meetings),Articles",inherit,publish,2015,{document_type: General Meetings},other_company_news,success,Yes,company_name - symbol - other_company_news - Posting Date,other_company_news_new
1834,1834 INVESTMENTS LIMITED,rjr-gleaner-notice-to-shareholders,https://www.jamstockex.com/wp-content/uploads/2015/12/RJR-GLEANER-Notice-to-Shareholders.pdf,4/12/2015 9:19,"General Meetings (AGM’s, Extra-Ordinary or Other Shareholders Meetings),Articles",inherit,publish,2015,{document_type: General Meetings},general_meetings,success,Yes,company_name - symbol- general_meetings - Posting Date,general_meetings_new
1834,1834 INVESTMENTS LIMITED,glnr-notice-to-shareholders-on-synergies,https://www.jamstockex.com/wp-content/uploads/2015/12/GLNR-Notice-to-Shareholders-on-Synergies.pdf,11/12/2015 13:35,Articles,inherit,publish,2015,{document_type: Acquisitions and Disposals},other_company_news,success,Yes,company_name - symbol - other_company_news - Posting Date,other_company_news_new
1834,1834 INVESTMENTS LIMITED,glnr-notice-to-shareholders-on-synergies,https://www.jamstockex.com/wp-content/uploads/2015/12/GLNR-Notice-to-Shareholders-on-Synergies.pdf,11/12/2015 13:35,Articles,inherit,publish,2015,{document_type: Acquisitions and Disposals},acquisitions_mergers_and_disposals,success,Yes,company_name - symbol - acquisitions_mergers_and_disposals - Posting Date,acquisitions_mergers_and_disposals_new
AFS,ACCESS FINANCIAL SERVICES LIMITED,press-release-access-financial-services-limited-announces-acquisition-of-micro-credit-limited,https://www.jamstockex.com/wp-content/uploads/2017/06/Press-Release-Access-Financial-Services-Limited-Announces-Acquisition-of-Micro-Credit-Limited.pdf,20/6/2017 14:00,Articles,inherit,publish,2017,{document_type: Acquisitions and Disposals},acquisitions_mergers_and_disposals,success,Yes,company_name - symbol - acquisitions_mergers_and_disposals - Posting Date,acquisitions_mergers_and_disposals_new
AFS,ACCESS FINANCIAL SERVICES LIMITED,press-release-access-financial-services-limited-afs-appoints-new-chairman-board-members-and-makes-changes-to-its-senior-leadership-structure,https://www.jamstockex.com/wp-content/uploads/2020/06/Press-Release-Access-Financial-Services-Limited-AFS-Appoints-New-Chairman-Board-Members-and-Makes-Changes-to-its-Senior-Leadership-Structure.pdf,1/7/2020 12:31,"Articles,Change in Management,Appointments",inherit,publish,2020,"{document_type: Appointments, Resignations and Retirements [Director]}",management_appointments_resignations_and_retirements,success,Yes,company_name - symbol   - management_appointments_resignations_and_retirements - Posting Date,management_appointments_resignations_and_retirements_new
AFS,ACCESS FINANCIAL SERVICES LIMITED,press-release-access-financial-services-limited-afs-appoints-new-chairman-board-members-and-makes-changes-to-its-senior-leadership-structure,https://www.jamstockex.com/wp-content/uploads/2020/06/Press-Release-Access-Financial-Services-Limited-AFS-Appoints-New-Chairman-Board-Members-and-Makes-Changes-to-its-Senior-Leadership-Structure.pdf,1/7/2020 12:31,"Articles,Change in Management,Appointments",inherit,publish,2020,"{document_type: Appointments, Resignations and Retirements [Director]}",director_appointments_resignations_and_retirements,success,Yes,company_name - symbol  - director_appointments_resignations_and_retirements - Posting Date,director_appointments_resignations_and_retirements_new
AFS,ACCESS FINANCIAL SERVICES LIMITED,amendment-to-articles-of-incorporation_,https://www.jamstockex.com/wp-content/uploads/2021/10/Amendment-to-Articles-of-Incorporation_.pdf,13/10/2021 15:35,"Articles,General Meetings (AGM’s, Extra-Ordinary or Other Shareholders Meetings)",inherit,publish,2021,{document_type: General Meetings},Articles,success,Yes,company_name - symbol - articles - Posting Date,articles_new
AFS,ACCESS FINANCIAL SERVICES LIMITED,amendment-to-articles-of-incorporation_,https://www.jamstockex.com/wp-content/uploads/2021/10/Amendment-to-Articles-of-Incorporation_.pdf,13/10/2021 15:35,"Articles,General Meetings (AGM’s, Extra-Ordinary or Other Shareholders Meetings)",inherit,publish,2021,{document_type: General Meetings},general_meetings,success,Yes,company_name - symbol- general_meetings - Posting Date,general_meetings_new
ASBH,A.S. BRYDEN & SONS HOLDINGS LIMITED,seprod-limited-press-release,https://www.jamstockex.com/wp-content/uploads/2025/05/Seprod-Limited-Press-Release.pdf,2/5/2025 16:23,"Other Company News,Acquisitions",inherit,publish,2025,{document_type: Acquisitions and Disposals},takeover_bids_and_scheme_of_arrangements,success,Yes,company_name - symbol - takeover_bids_and_scheme_of_arrangements - Posting Date,takeover_bids_and_scheme_of_arrangements_new
BIL,BARITA INVESTMENTS LIMITED,news-release-barita-investments-limited-bil-take-over-bid-from-cornerstone-investments-holdings-limited-2,https://www.jamstockex.com/wp-content/uploads/2018/07/News-Release-Barita-Investments-Limited-BIL-Take-Over-Bid-from-Cornerstone-Investments-Holdings-Limited-1.pdf,20/7/2018 8:40,"Take-over Bid Circular​,Articles",inherit,publish,2018,{document_type: Acquisitions and Disposals},takeover_bids_and_scheme_of_arrangements,success,Yes,company_name - symbol - takeover_bids_and_scheme_of_arrangements - Posting Date,takeover_bids_and_scheme_of_arrangements_new
BIL,BARITA INVESTMENTS LIMITED,barita-investments-limited-bil-notice-to-shareholders,https://www.jamstockex.com/wp-content/uploads/2018/12/Barita-Investments-Limited-BIL-Notice-to-Shareholders.pdf,21/12/2018 15:40,"General Meetings (AGM’s, Extra-Ordinary or Other Shareholders Meetings),Articles",inherit,publish,2018,,rights_issue,classification_failed,Yes,company_name - symbol - rights_issue - Posting Date,rights_issue_new
BIL,BARITA INVESTMENTS LIMITED,barita-investments-limited-bil-rights-issue-upsized-notice,https://www.jamstockex.com/wp-content/uploads/2019/09/Barita-Investments-Limited-BIL-Rights-Issue-Upsized-Notice.pdf,11/9/2019 9:24,"Articles,Rights Issue (Circulars &amp; Documents)",inherit,publish,2019,{document_type: Other Company News},other_company_news,success,Yes,company_name - symbol - other_company_news - Posting Date,other_company_news_new
BIL,BARITA INVESTMENTS LIMITED,barita-investments-limited-bil-rights-issue-upsized-notice,https://www.jamstockex.com/wp-content/uploads/2019/09/Barita-Investments-Limited-BIL-Rights-Issue-Upsized-Notice.pdf,11/9/2019 9:24,"Articles,Rights Issue (Circulars &amp; Documents)",inherit,publish,2019,{document_type: Other Company News},rights_issue,success,Yes,company_name - symbol - rights_issue - Posting Date,rights_issue_new
BIL,BARITA INVESTMENTS LIMITED,barita-management-changes,https://www.jamstockex.com/wp-content/uploads/2019/12/Barita-Management-Changes.pdf,19/12/2019 17:03,"Articles,Change in Management",inherit,publish,2019,"{document_type: Appointments, Resignations and Retirements [Management]}",management_appointments_resignations_and_retirements,success,Yes,company_name - symbol   - management_appointments_resignations_and_retirements - Posting Date,management_appointments_resignations_and_retirements_new
BIL,BARITA INVESTMENTS LIMITED,barita-management-changes,https://www.jamstockex.com/wp-content/uploads/2019/12/Barita-Management-Changes.pdf,19/12/2019 17:03,"Articles,Change in Management",inherit,publish,2019,"{document_type: Appointments, Resignations and Retirements [Management]}",director_appointments_resignations_and_retirements,success,Yes,company_name - symbol  - director_appointments_resignations_and_retirements - Posting Date,director_appointments_resignations_and_retirements_new
BIL,BARITA INVESTMENTS LIMITED,barita-schedule-to-notice-of-agm-7-2,https://www.jamstockex.com/wp-content/uploads/2022/05/Barita-Schedule-to-Notice-of-AGM-7-1.pdf,16/5/2022 19:03,"agm,Annual Reports",inherit,publish,2022,{document_type: General Meetings},articles,success,Yes,company_name - symbol - articles - Posting Date,articles_new
BIL,BARITA INVESTMENTS LIMITED,bond-upsize-notice,https://www.jamstockex.com/wp-content/uploads/2025/05/Bond-Upsize-Notice.pdf,16/5/2025 10:40,"Articles,General",inherit,publish,2025,{document_type: Other Company News},other_company_news,success,Yes,company_name - symbol - other_company_news - Posting Date,other_company_news_new
BIL,BARITA INVESTMENTS LIMITED,bond-upsize-notice,https://www.jamstockex.com/wp-content/uploads/2025/05/Bond-Upsize-Notice.pdf,16/5/2025 10:40,"Articles,General",inherit,publish,2025,{document_type: Other Company News},prospectus,success,Yes,company_name - symbol - prospectus - Posting Date,prospectus_new
SGJ,SCOTIA GROUP JAMAICA LIMITED,doc01821920161123102558,https://www.jamstockex.com/wp-content/uploads/2006/10/doc01821920161123102558.pdf,23/11/2016 10:59,"Acquisitions,Articles",inherit,publish,2016,{document_type: Acquisitions and Disposals},takeover_bids_and_scheme_of_arrangements,success,Yes,company_name - symbol - takeover_bids_and_scheme_of_arrangements - Posting Date,takeover_bids_and_scheme_of_arrangements_new
BRG,BERGER PAINTS JAMAICA LTD.,berger-paints-jamaica-limited-brg-share-transfer,https://www.jamstockex.com/wp-content/uploads/2018/11/Berger-Paints-Jamaica-Limited-BRG-Share-Transfer.pdf,16/11/2018 16:26,"Articles,Acquisitions",inherit,publish,2018,{document_type: Trading in Shares},other_company_news,success,Yes,company_name - symbol - other_company_news - Posting Date,other_company_news_new
CCC,CARIBBEAN CEMENT COMPANY LTD.,caribbean-cement-company-advisory,https://www.jamstockex.com/wp-content/uploads/2017/01/Caribbean-Cement-Company-Advisory.pdf,27/1/2017 16:41,"Change in Management,Articles",inherit,publish,2017,{document_type: Acquisitions and Disposals},takeover_bids_and_scheme_of_arrangements,success,Yes,company_name - symbol - takeover_bids_and_scheme_of_arrangements - Posting Date,takeover_bids_and_scheme_of_arrangements_new
CCC,CARIBBEAN CEMENT COMPANY LTD.,notice-to-shareholders-caribbean-cement-company-limiteds-annual-report-for-the-year-ended-december-31-2019-postponement-of-annual-general-meeting,https://www.jamstockex.com/wp-content/uploads/2020/05/Notice-to-Shareholders-Caribbean-Cement-Company-Limiteds-Annual-Report-for-The-Year-Ended-December-31-2019-Postponement-of-Annual-General-Meeting.pdf,21/5/2020 16:35,"Articles,Annual Reports,General Meetings (AGM’s, Extra-Ordinary or Other Shareholders Meetings)",inherit,publish,2020,{document_type: General Meetings},other_company_news,success,Yes,company_name - symbol - other_company_news - Posting Date,other_company_news_new
CCC,CARIBBEAN CEMENT COMPANY LTD.,notice-to-shareholders-caribbean-cement-company-limiteds-annual-report-for-the-year-ended-december-31-2019-postponement-of-annual-general-meeting,https://www.jamstockex.com/wp-content/uploads/2020/05/Notice-to-Shareholders-Caribbean-Cement-Company-Limiteds-Annual-Report-for-The-Year-Ended-December-31-2019-Postponement-of-Annual-General-Meeting.pdf,21/5/2020 16:35,"Articles,Annual Reports,General Meetings (AGM’s, Extra-Ordinary or Other Shareholders Meetings)",inherit,publish,2020,{document_type: General Meetings},general_meetings,success,Yes,company_name - symbol- general_meetings - Posting Date,general_meetings_new
CCC,CARIBBEAN CEMENT COMPANY LTD.,notice-to-shareholders-record-date-annual-report-for-year-ended-december-31-2020,https://www.jamstockex.com/wp-content/uploads/2021/11/Notice-to-Shareholders-Record-Date-Annual-Report-for-year-ended-December-31-2020.pdf,12/11/2021 14:33,Articles,inherit,publish,2021,{document_type: General Meetings},general_meetings,success,Yes,company_name - symbol- general_meetings - Posting Date,general_meetings_new
CCC,CARIBBEAN CEMENT COMPANY LTD.,notice-to-shareholders-record-date-annual-report-for-year-ended-december-31-2020,https://www.jamstockex.com/wp-content/uploads/2021/11/Notice-to-Shareholders-Record-Date-Annual-Report-for-year-ended-December-31-2020.pdf,12/11/2021 14:33,Articles,inherit,publish,2021,{document_type: General Meetings},other_company_news,success,Yes,company_name - symbol - other_company_news - Posting Date,other_company_news_new
CFF,CARIBBEAN FLAVOURS & FRAGRANCES LIMITED,final-derrimon-press-announcement-of-results,https://www.jamstockex.com/wp-content/uploads/2017/02/Final-DERRIMON-PRESS-ANNOUNCEMENT-OF-RESULTS.pdf,15/2/2017 9:12,"Stock Market Game News,Articles",inherit,publish,2017,{document_type: Acquisitions and Disposals},takeover_bids_and_scheme_of_arrangements,success,Yes,company_name - symbol - takeover_bids_and_scheme_of_arrangements - Posting Date,takeover_bids_and_scheme_of_arrangements_new
CPFV,EPPLEY CARIBBEAN PROPERTY FUND LIMITED SCC,news-release-eppley-caribbean-property-fund-limited-scc-cpfv-acquires-kpmg-head-office-in-barbados,https://www.jamstockex.com/wp-content/uploads/2019/11/News-Release-Eppley-Caribbean-Property-Fund-Limited-SCC-CPFV-Acquires-KPMG-Head-Office-in-Barbados.pdf,27/11/2019 15:54,"Articles,Acquisitions",inherit,publish,2019,{document_type: Acquisitions and Disposals},acquisitions_mergers_and_disposals,success,Yes,company_name - symbol - acquisitions_mergers_and_disposals - Posting Date,acquisitions_mergers_and_disposals_new
CPJ,CARIBBEAN PRODUCERS JAMAICA LIMITED,notice-cpj-announces-an-increase-in-ownership-stake-by-asbh,https://www.jamstockex.com/wp-content/uploads/2025/01/Notice-CPJ-Announces-an-increase-in-Ownership-Stake-by-ASBH.pdf,7/1/2025 16:10,Articles,inherit,publish,2025,{document_type: Acquisitions and Disposals},takeover_bids_and_scheme_of_arrangements,success,Yes,company_name - symbol - takeover_bids_and_scheme_of_arrangements - Posting Date,takeover_bids_and_scheme_of_arrangements_new
DCOVE,DOLPHIN COVE LIMITED,project-columbus-announcement-of-results-final-dolphin-cove,https://www.jamstockex.com/wp-content/uploads/2016/01/Project-Columbus-Announcement-of-Results-Final-DOLPHIN-COVE.pdf,15/1/2016 16:47,Articles,inherit,publish,2016,{document_type: Acquisitions and Disposals},takeover_bids_and_scheme_of_arrangements,success,Yes,company_name - symbol - takeover_bids_and_scheme_of_arrangements - Posting Date,takeover_bids_and_scheme_of_arrangements_new
DCOVE,DOLPHIN COVE LIMITED,dolphin-cove-press-announcement-re-takeover-of-dolphin-cove-limited,https://www.jamstockex.com/wp-content/uploads/2016/01/Dolphin-Cove-Press-Announcement-re-Takeover-of-Dolphin-Cove-Limited.pdf,18/1/2016 12:17,"Articles,Take-over Bid Circular​",inherit,pending,2016,{document_type: Acquisitions and Disposals},takeover_bids_and_scheme_of_arrangements,success,Yes,company_name - symbol - takeover_bids_and_scheme_of_arrangements - Posting Date,takeover_bids_and_scheme_of_arrangements_new
DTL,DERRIMON TRADING COMPANY LIMITED,derrimon-announcement,https://www.jamstockex.com/wp-content/uploads/2016/12/DERRIMON-ANNOUNCEMENT.pdf,22/12/2016 9:15,Articles,inherit,publish,2016,{document_type: Acquisitions and Disposals},takeover_bids_and_scheme_of_arrangements,success,Yes,company_name - symbol - takeover_bids_and_scheme_of_arrangements - Posting Date,takeover_bids_and_scheme_of_arrangements_new
DTL,DERRIMON TRADING COMPANY LIMITED,final-derrimon-press-announcement-of-results,https://www.jamstockex.com/wp-content/uploads/2017/02/Final-DERRIMON-PRESS-ANNOUNCEMENT-OF-RESULTS.pdf,15/2/2017 9:12,"Articles,Stock Market Game News",inherit,publish,2017,{document_type: Acquisitions and Disposals},takeover_bids_and_scheme_of_arrangements,success,Yes,company_name - symbol - takeover_bids_and_scheme_of_arrangements - Posting Date,takeover_bids_and_scheme_of_arrangements_new
DTL,DERRIMON TRADING COMPANY LIMITED,press-release-derrimon-trading-company-ltd,https://www.jamstockex.com/wp-content/uploads/2018/08/Press-Release-Derrimon-Trading-Company-Ltd.pdf,10/8/2018 10:27,"Acquisitions,Articles",inherit,publish,2018,,acquisitions_mergers_and_disposals,classification_failed,Yes,company_name - symbol - acquisitions_mergers_and_disposals - Posting Date,acquisitions_mergers_and_disposals_new
DTL,DERRIMON TRADING COMPANY LIMITED,derrimon-trading-company-limited-2,https://www.jamstockex.com/wp-content/uploads/2018/09/Derrimon-Trading-Company-Limited.pdf,10/9/2018 16:03,"Change in Management,Acquisitions,Articles",inherit,publish,2018,{document_type: Acquisitions and Disposals},acquisitions_mergers_and_disposals,success,Yes,company_name - symbol - acquisitions_mergers_and_disposals - Posting Date,acquisitions_mergers_and_disposals_new
DTL,DERRIMON TRADING COMPANY LIMITED,dtl-announcement-of-acquisitions-2021,https://www.jamstockex.com/wp-content/uploads/2021/01/DTL-Announcement-of-Acquisitions-2021.pdf,8/1/2021 16:18,"Articles,Acquisitions",inherit,publish,2021,{document_type: Acquisitions and Disposals},takeover_bids_and_scheme_of_arrangements,success,Yes,company_name - symbol - takeover_bids_and_scheme_of_arrangements - Posting Date,takeover_bids_and_scheme_of_arrangements_new
EFRESH,EVERYTHING FRESH LIMITED,news-release-everything-fresh-limiteds-acquisition-of-the-meat-experts,https://www.jamstockex.com/wp-content/uploads/2019/02/News-Release-Everything-Fresh-Limiteds-Acquisition-of-The-Meat-Experts.pdf,11/2/2019 16:33,"Acquisitions,Articles",inherit,publish,2019,{document_type: Acquisitions and Disposals},acquisitions_mergers_and_disposals,success,Yes,company_name - symbol - acquisitions_mergers_and_disposals - Posting Date,acquisitions_mergers_and_disposals_new
EFRESH,EVERYTHING FRESH LIMITED,agm-efresh-cover-letter-2022,https://www.jamstockex.com/wp-content/uploads/2022/09/AGM-EFRESH-Cover-letter-2022.pdf,12/9/2022 17:35,"General Meetings (AGM’s, Extra-Ordinary or Other Shareholders Meetings)",inherit,publish,2022,{document_type: General Meetings},other_company_news,success,Yes,company_name - symbol - other_company_news - Posting Date,other_company_news_new
EFRESH,EVERYTHING FRESH LIMITED,agm-efresh-cover-letter-2022,https://www.jamstockex.com/wp-content/uploads/2022/09/AGM-EFRESH-Cover-letter-2022.pdf,12/9/2022 17:35,"General Meetings (AGM’s, Extra-Ordinary or Other Shareholders Meetings)",inherit,publish,2022,{document_type: General Meetings},general_meetings,success,Yes,company_name - symbol- general_meetings - Posting Date,general_meetings_new
EFRESH,EVERYTHING FRESH LIMITED,shareholders-letter-final,https://www.jamstockex.com/wp-content/uploads/2023/09/Shareholders-Letter-final.pdf,29/9/2023 19:51,"General Meetings (AGM’s, Extra-Ordinary or Other Shareholders Meetings)",inherit,publish,2023,{document_type: Annual Report},general_meetings,success,Yes,company_name - symbol- general_meetings - Posting Date,general_meetings_new
EFRESH,EVERYTHING FRESH LIMITED,shareholders-letter-final,https://www.jamstockex.com/wp-content/uploads/2023/09/Shareholders-Letter-final.pdf,29/9/2023 19:51,"General Meetings (AGM’s, Extra-Ordinary or Other Shareholders Meetings)",inherit,publish,2023,{document_type: Annual Report},other_company_news,success,Yes,company_name - symbol - other_company_news - Posting Date,other_company_news_new
EFRESH,EVERYTHING FRESH LIMITED,agm-efresh-shareholders-cover-letter-2024,https://www.jamstockex.com/wp-content/uploads/2024/10/AGM-EFRESH-Shareholders-Cover-letter-2024.pdf,3/10/2024 16:28,"General Meetings (AGM’s, Extra-Ordinary or Other Shareholders Meetings),General Meetings (AGM’s",inherit,publish,2024,{document_type: General Meetings},general_meetings,success,Yes,company_name - symbol- general_meetings - Posting Date,general_meetings_new
EFRESH,EVERYTHING FRESH LIMITED,agm-efresh-shareholders-cover-letter-2024,https://www.jamstockex.com/wp-content/uploads/2024/10/AGM-EFRESH-Shareholders-Cover-letter-2024.pdf,3/10/2024 16:28,"General Meetings (AGM’s, Extra-Ordinary or Other Shareholders Meetings),General Meetings (AGM’s",inherit,publish,2024,{document_type: General Meetings},other_company_news,success,Yes,company_name - symbol - other_company_news - Posting Date,other_company_news_new
EPLY,EPPLEY LIMITED,press-release-eppley-limited-redemption-of-preference-shares,https://www.jamstockex.com/wp-content/uploads/2018/11/Press-Release-Eppley-limited-Redemption-of-Preference-Shares.pdf,28/11/2018 9:22,"General,Articles",inherit,publish,2018,{document_type: Trading in Shares},delisting_notice,success,Yes,company_name - symbol - delisting_notice - Posting Date,delisting_notice_new
EPLY,EPPLEY LIMITED,jse-material-information-disclosure-notice-eppley-limiteds-tender-offer-jan-24-2023,https://www.jamstockex.com/wp-content/uploads/2023/01/JSE-Material-Information-Disclosure-Notice-Eppley-Limiteds-Tender-Offer-Jan-24-2023.pdf,24/1/2023 19:19,"Articles,Other Company News",inherit,publish,2023,{document_type: Acquisitions and Disposals},acquisitions_mergers_and_disposals,success,Yes,company_name - symbol - acquisitions_mergers_and_disposals - Posting Date,acquisitions_mergers_and_disposals_new
EPLY,EPPLEY LIMITED,eppley-limited-material-information-disclosure-notice-tender-offer-closure-march-27-2023,https://www.jamstockex.com/wp-content/uploads/2023/03/Eppley-Limited-Material-Information-Disclosure-Notice-Tender-Offer-Closure-March-27-2023.pdf,29/3/2023 10:57,Articles,inherit,publish,2023,{document_type: Acquisitions and Disposals},acquisitions_mergers_and_disposals,success,Yes,company_name - symbol - acquisitions_mergers_and_disposals - Posting Date,acquisitions_mergers_and_disposals_new
EPLY,EPPLEY LIMITED,eppley-buys-stratus-alternative-funds-from-ncb-capital-markets-limited,https://www.jamstockex.com/wp-content/uploads/2025/04/Eppley-buys-Stratus-Alternative-Funds-from-NCB-Capital-Markets-Limited.pdf,17/4/2025 15:48,"Acquisitions,Articles",inherit,publish,2025,{document_type: Acquisitions and Disposals},acquisitions_mergers_and_disposals,success,Yes,company_name - symbol - acquisitions_mergers_and_disposals - Posting Date,acquisitions_mergers_and_disposals_new
FTNA,FONTANA LIMITED,press-release-23jan2025-ftna,https://www.jamstockex.com/wp-content/uploads/2025/01/PRESS-RELEASE-23JAN2025-FTNA.pdf,23/1/2025 12:01,Acquisitions,inherit,publish,2025,{document_type: Acquisitions and Disposals},acquisitions_mergers_and_disposals,success,Yes,company_name - symbol - acquisitions_mergers_and_disposals - Posting Date,acquisitions_mergers_and_disposals_new
GENAC,GENERAL ACCIDENT INSURANCE COMPANY (JA) LIMITED,gaic-september-16-2019-press-release-final,https://www.jamstockex.com/wp-content/uploads/2019/09/GAIC-September-16-2019-Press-Release-FINAL.pdf,17/9/2019 9:12,"Disposals,Articles",inherit,publish,2019,{document_type: Acquisitions and Disposals},acquisitions_mergers_and_disposals,success,Yes,company_name - symbol - acquisitions_mergers_and_disposals - Posting Date,acquisitions_mergers_and_disposals_new
GK,GRACEKENNEDY LIMITED,gracekennedy-release,https://www.jamstockex.com/wp-content/uploads/2016/07/GraceKennedy-Release.pdf,1/7/2016 8:11,Articles,inherit,publish,2016,{document_type: Trading in Shares},trading_in_shares,success,Yes,company_name - symbol - trading_in_shares - Posting Date,trading_in_shares_new
GK,GRACEKENNEDY LIMITED,gracekennedy-shareholders-report-2016-feb-2017,https://www.jamstockex.com/wp-content/uploads/2017/03/GraceKennedy-Shareholders-Report-2016-Feb-2017.pdf,6/3/2017 17:01,"Other Company News,Articles",inherit,publish,2017,{document_type: Annual Report},other_company_news,success,Yes,company_name - symbol - other_company_news - Posting Date,other_company_news_new
GK,GRACEKENNEDY LIMITED,press-release-gracekennedy-limited-divests-30-stake-in-trident-insurance-company,https://www.jamstockex.com/wp-content/uploads/2017/05/Press-Release-GraceKennedy-Limited-Divests-30-Stake-in-Trident-Insurance-Company.pdf,9/5/2017 12:23,Articles,inherit,publish,2017,{document_type: Acquisitions and Disposals},acquisitions_mergers_and_disposals,success,Yes,company_name - symbol - acquisitions_mergers_and_disposals - Posting Date,acquisitions_mergers_and_disposals_new
GK,GRACEKENNEDY LIMITED,press-release-gracekennedy-to-acquire-consumer-brands-ltd,https://www.jamstockex.com/wp-content/uploads/2017/09/Press-Release-GraceKennedy-to-Acquire-Consumer-Brands-Ltd.pdf,1/9/2017 16:32,"Acquisitions,Articles",inherit,publish,2017,{document_type: Acquisitions and Disposals},acquisitions_mergers_and_disposals,success,Yes,company_name - symbol - acquisitions_mergers_and_disposals - Posting Date,acquisitions_mergers_and_disposals_new
GK,GRACEKENNEDY LIMITED,gk-news-release,https://www.jamstockex.com/wp-content/uploads/2018/01/GK-News-Release.pdf,12/1/2018 10:27,"Acquisitions,Articles",inherit,publish,2018,{document_type: Acquisitions and Disposals},acquisitions_mergers_and_disposals,success,Yes,company_name - symbol - acquisitions_mergers_and_disposals - Posting Date,acquisitions_mergers_and_disposals_new
GK,GRACEKENNEDY LIMITED,news-release-signia-financial-acquires-globe-financial-to-form-leading-merchant-bank-in-barbados,https://www.jamstockex.com/wp-content/uploads/2018/09/News-Release-Signia-Financial-Acquires-Globe-Financial-to-Form-Leading-Merchant-Bank-in-Barbados.pdf,10/9/2018 16:17,"Acquisitions,Articles",inherit,publish,2018,{document_type: Acquisitions and Disposals},acquisitions_mergers_and_disposals,success,Yes,company_name - symbol - acquisitions_mergers_and_disposals - Posting Date,acquisitions_mergers_and_disposals_new
GK,GRACEKENNEDY LIMITED,press-release-gk-foods-usa-and-majesty-foods-joint-venture-announcement,https://www.jamstockex.com/wp-content/uploads/2018/12/Press-Release-GK-Foods-USA-and-Majesty-Foods-Joint-Venture-Announcement.pdf,7/12/2018 13:19,"Articles,General",inherit,publish,2018,{document_type: Acquisitions and Disposals},acquisitions_mergers_and_disposals,success,Yes,company_name - symbol - acquisitions_mergers_and_disposals - Posting Date,acquisitions_mergers_and_disposals_new
GK,GRACEKENNEDY LIMITED,press-release-gracekennedy-makes-offer-to-acquire-key-insurance-company-limited,https://www.jamstockex.com/wp-content/uploads/2020/01/Press-Release-GraceKennedy-Makes-Offer-to-Acquire-Key-Insurance-Company-Limited.pdf,20/1/2020 20:18,"Articles,General,Acquisitions,Take-over Bid Circular​",inherit,publish,2020,{document_type: Acquisitions and Disposals},other_company_news,success,Yes,company_name - symbol - other_company_news - Posting Date,other_company_news_new
GK,GRACEKENNEDY LIMITED,press-release-gracekennedy-makes-offer-to-acquire-key-insurance-company-limited,https://www.jamstockex.com/wp-content/uploads/2020/01/Press-Release-GraceKennedy-Makes-Offer-to-Acquire-Key-Insurance-Company-Limited.pdf,20/1/2020 20:18,"Articles,General,Acquisitions,Take-over Bid Circular​",inherit,publish,2020,{document_type: Acquisitions and Disposals},acquisitions_mergers_and_disposals,success,Yes,company_name - symbol - acquisitions_mergers_and_disposals - Posting Date,acquisitions_mergers_and_disposals_new
GK,GRACEKENNEDY LIMITED,news-release-gracekennedy-limited-gk-acquisition-of-scotia-insurance-eastern-caribbean,https://www.jamstockex.com/wp-content/uploads/2021/03/News-Release-GraceKennedy-Limited-GK-Acquisition-of-Scotia-Insurance-Eastern-Caribbean.pdf,9/3/2021 3:00,"Articles,Acquisitions",inherit,publish,2021,{document_type: Acquisitions and Disposals},acquisitions_mergers_and_disposals,success,Yes,company_name - symbol - acquisitions_mergers_and_disposals - Posting Date,acquisitions_mergers_and_disposals_new
GK,GRACEKENNEDY LIMITED,news-release-gk-invests-in-bluedot-13042022-final,https://www.jamstockex.com/wp-content/uploads/2022/04/News-Release-GK-invests-in-Bluedot-13042022-final.pdf,13/4/2022 17:39,Articles,inherit,publish,2022,{document_type: Acquisitions and Disposals},other_company_news,success,Yes,company_name - symbol - other_company_news - Posting Date,other_company_news_new
GK,GRACEKENNEDY LIMITED,release-gk-acquires-100-of-catherines-peak-29012025-final,https://www.jamstockex.com/wp-content/uploads/2025/01/Release-GK-acquires-100-of-Catherines-Peak-29012025-final.pdf,30/1/2025 14:19,"Acquisitions,Other Company News",inherit,publish,2025,{document_type: Acquisitions and Disposals},acquisitions_mergers_and_disposals,success,Yes,company_name - symbol - acquisitions_mergers_and_disposals - Posting Date,acquisitions_mergers_and_disposals_new
GK,GRACEKENNEDY LIMITED,release-gkfg-moves-to-fully-acquire-key-final,https://www.jamstockex.com/wp-content/uploads/2025/03/Release-GKFG-moves-to-fully-acquire-Key-final.pdf,19/3/2025 16:29,"Take-over Bid Circular​,Acquisitions",inherit,publish,2025,{document_type: Acquisitions and Disposals},acquisitions_mergers_and_disposals,success,Yes,company_name - symbol - acquisitions_mergers_and_disposals - Posting Date,acquisitions_mergers_and_disposals_new
KNTYR,KINTYRE HOLDINGS (JA) LIMITED,icreate-limited-press-release-extraordinary-general-meeting-december-13-2021,https://www.jamstockex.com/wp-content/uploads/2021/12/iCreate-Limited-Press-Release-Extraordinary-General-Meeting-December-13-2021.pdf,13/12/2021 19:48,"General Meetings (AGM’s, Extra-Ordinary or Other Shareholders Meetings),Other Company News",inherit,publish,2021,{document_type: General Meetings},general_meetings,success,Yes,company_name - symbol- general_meetings - Posting Date,general_meetings_new
ISP,ISP FINANCE SERVICES LIMITED,isp-jse-notice-september-10-2021,https://www.jamstockex.com/wp-content/uploads/2021/09/ISP-JSE-Notice-September-10-2021.pdf,11/9/2021 9:35,"Other Company News,Articles",inherit,publish,2021,{document_type: Acquisitions and Disposals},acquisitions_mergers_and_disposals,success,Yes,company_name - symbol - acquisitions_mergers_and_disposals - Posting Date,acquisitions_mergers_and_disposals_new
ISP,ISP FINANCE SERVICES LIMITED,isp-jse-notice-february-12-2025,https://www.jamstockex.com/wp-content/uploads/2025/02/ISP-JSE-Notice-February-12-2025.pdf,11/2/2025 18:21,"Acquisitions,Other Company News",inherit,publish,2025,{document_type: Acquisitions and Disposals},acquisitions_mergers_and_disposals,success,Yes,company_name - symbol - acquisitions_mergers_and_disposals - Posting Date,acquisitions_mergers_and_disposals_new
JAMT,JAMAICAN TEAS LIMITED,jamt-resolution-of-the-board-of-directors,https://www.jamstockex.com/wp-content/uploads/2017/11/JAMT-Resolution-of-the-Board-of-Directors.pdf,7/11/2017 9:21,"Articles,Other Company News",inherit,draft,2017,{document_type: Trading in Shares},delisting_notice,success,Yes,company_name - symbol - delisting_notice - Posting Date,delisting_notice_new
JAMT,JAMAICAN TEAS LIMITED,jamt-extraordinary-general-meeting,https://www.jamstockex.com/wp-content/uploads/2018/06/JAMT-Extraordinary-General-Meeting.pdf,13/6/2018 17:01,"Articles,General Meetings (AGM’s, Extra-Ordinary or Other Shareholders Meetings)",inherit,publish,2018,,general_meetings,classification_failed,Yes,company_name - symbol- general_meetings - Posting Date,general_meetings_new
JAMT,JAMAICAN TEAS LIMITED,jamaican-teas-limited-jamt-notice-of-extraordinary-general-meeting-reconvening-of-annual-general-meeting-2018,https://www.jamstockex.com/wp-content/uploads/2018/06/Jamaican-Teas-Limited-JAMT-Notice-of-Extraordinary-General-Meeting-Reconvening-of-Annual-General-Meeting-2018.pdf,26/6/2018 18:33,"General Meetings (AGM’s, Extra-Ordinary or Other Shareholders Meetings),Articles",inherit,publish,2018,{document_type: General Meetings},general_meetings,success,Yes,company_name - symbol- general_meetings - Posting Date,general_meetings_new
JAMT,JAMAICAN TEAS LIMITED,jamaican-teas-limited-jamt-annual-general-meeting-notice-3,https://www.jamstockex.com/wp-content/uploads/2019/01/Jamaican-Teas-Limited-JAMT-Annual-General-Meeting-Notice.pdf,29/1/2019 9:15,"Articles,General Meetings (AGM’s, Extra-Ordinary or Other Shareholders Meetings)",inherit,publish,2019,{document_type: General Meetings},general_meetings,success,Yes,company_name - symbol- general_meetings - Posting Date,general_meetings_new
JAMT,JAMAICAN TEAS LIMITED,jamaican-teas-limited-jamt-notice-of-annual-general-meeting,https://www.jamstockex.com/wp-content/uploads/2020/01/Jamaican-Teas-Limited-JAMT-Notice-of-Annual-General-Meeting.pdf,31/1/2020 12:51,"General Meetings (AGM’s, Extra-Ordinary or Other Shareholders Meetings),Articles",inherit,draft,2020,{document_type: General Meetings},general_meetings,success,Yes,company_name - symbol- general_meetings - Posting Date,general_meetings_new
JMMBGL,JMMB GROUP LIMITED,investor-release-ncb-financial-group-limited-ncb-announces-sale-of-jmmb-group-limited-jmmbgl-shares,https://www.jamstockex.com/wp-content/uploads/2018/12/Investor-Release-NCB-Financial-Group-Limited-NCB-Announces-Sale-of-JMMB-Group-Limited-JMMBGL-Shares.pdf,27/12/2018 16:49,"Articles,Other Company News",inherit,publish,2018,{document_type: Acquisitions and Disposals},other_company_news,success,Yes,company_name - symbol - other_company_news - Posting Date,other_company_news_new
JP,JAMAICA PRODUCERS GROUP LTD.,click-here-to-download-2,https://www.jamstockex.com/wp-content/uploads/2019/04/Click-here-to-download-1.pdf,16/4/2019 17:27,"Articles,Other Company News",inherit,publish,2019,{document_type: Acquisitions and Disposals},acquisitions_mergers_and_disposals,success,Yes,company_name - symbol - acquisitions_mergers_and_disposals - Posting Date,acquisitions_mergers_and_disposals_new
JP,JAMAICA PRODUCERS GROUP LTD.,jamaica-producers-group-limited-jp-agreement-to-sell-22-1-percent-interest-in-saje-logistics-infrastructure-limited,https://www.jamstockex.com/wp-content/uploads/2020/09/Jamaica-Producers-Group-Limited-JP-Agreement-to-Sell-22.1-Percent-Interest-in-SAJE-Logistics-Infrastructure-Limited.pdf,23/9/2020 9:13,"Articles,Other Company News",inherit,publish,2020,{document_type: Acquisitions and Disposals},acquisitions_mergers_and_disposals,success,Yes,company_name - symbol - acquisitions_mergers_and_disposals - Posting Date,acquisitions_mergers_and_disposals_new
KEY,KEY INSURANCE COMPANY LIMITED,key-insurance-company-limited-advances-growth-and-efficiency-agenda,https://www.jamstockex.com/wp-content/uploads/2017/10/Key-Insurance-Company-Limited-Advances-Growth-and-Efficiency-Agenda.pdf,4/10/2017 13:28,"Other Company News,Articles",inherit,publish,2017,"{document_type: Appointments, Resignations and Retirements [Management]}",director_appointments_resignations_and_retirements,success,Yes,company_name - symbol  - director_appointments_resignations_and_retirements - Posting Date,director_appointments_resignations_and_retirements_new
KEY,KEY INSURANCE COMPANY LIMITED,key-insurance-company-limited-advances-growth-and-efficiency-agenda,https://www.jamstockex.com/wp-content/uploads/2017/10/Key-Insurance-Company-Limited-Advances-Growth-and-Efficiency-Agenda.pdf,4/10/2017 13:28,"Other Company News,Articles",inherit,publish,2017,"{document_type: Appointments, Resignations and Retirements [Management]}",management_appointments_resignations_and_retirements,success,Yes,company_name - symbol   - management_appointments_resignations_and_retirements - Posting Date,management_appointments_resignations_and_retirements_new
KEY,KEY INSURANCE COMPANY LIMITED,key-insurance-limited-annual-general-meeting-notice,https://www.jamstockex.com/wp-content/uploads/2018/05/Key-Insurance-Limited-Annual-General-Meeting-Notice.pdf,4/5/2018 9:03,"General Meetings (AGM’s, Extra-Ordinary or Other Shareholders Meetings),Articles",inherit,publish,2018,{document_type: General Meetings},general_meetings,success,Yes,company_name - symbol- general_meetings - Posting Date,general_meetings_new
KEY,KEY INSURANCE COMPANY LIMITED,press-release-gracekennedy-makes-offer-to-acquire-key-insurance-company-limited,https://www.jamstockex.com/wp-content/uploads/2020/01/Press-Release-GraceKennedy-Makes-Offer-to-Acquire-Key-Insurance-Company-Limited.pdf,20/1/2020 20:18,"Acquisitions,General,Take-over Bid Circular​,Articles",inherit,publish,2020,{document_type: Acquisitions and Disposals},other_company_news,success,Yes,company_name - symbol - other_company_news - Posting Date,other_company_news_new
KEY,KEY INSURANCE COMPANY LIMITED,press-release-gracekennedy-makes-offer-to-acquire-key-insurance-company-limited,https://www.jamstockex.com/wp-content/uploads/2020/01/Press-Release-GraceKennedy-Makes-Offer-to-Acquire-Key-Insurance-Company-Limited.pdf,20/1/2020 20:18,"Acquisitions,General,Take-over Bid Circular​,Articles",inherit,publish,2020,{document_type: Acquisitions and Disposals},acquisitions_mergers_and_disposals,success,Yes,company_name - symbol - acquisitions_mergers_and_disposals - Posting Date,acquisitions_mergers_and_disposals_new
KPREIT,KINGSTON PROPERTIES LIMITED,kingston-properties-limited-kpreit-renounceable-rights-issue,https://www.jamstockex.com/wp-content/uploads/2019/10/Kingston-Properties-Limited-KPREIT-Renounceable-Rights-Issue.pdf,24/10/2019 19:27,"Other Company News,Articles,Rights Issue (Circulars &amp; Documents)",inherit,publish,2019,{document_type: Other Company News},other_company_news,success,Yes,company_name - symbol - other_company_news - Posting Date,other_company_news_new
KPREIT,KINGSTON PROPERTIES LIMITED,kingston-properties-limited-kpreit-renounceable-rights-issue,https://www.jamstockex.com/wp-content/uploads/2019/10/Kingston-Properties-Limited-KPREIT-Renounceable-Rights-Issue.pdf,24/10/2019 19:27,"Other Company News,Articles,Rights Issue (Circulars &amp; Documents)",inherit,publish,2019,{document_type: Other Company News},rights_issue,success,Yes,company_name - symbol - rights_issue - Posting Date,rights_issue_new
KW,KINGSTON WHARVES LIMITED,press-release-kingston-wharves-limited-kw-announces-leadership-changes,https://www.jamstockex.com/wp-content/uploads/2019/12/Press-Release-Kingston-Wharves-Limited-KW-Announces-Leadership-Changes.pdf,9/12/2019 16:05,"Articles,Change in Management",inherit,publish,2019,"{document_type: Appointments, Resignations and Retirements [Management]}",director_appointments_resignations_and_retirements,success,Yes,company_name - symbol  - director_appointments_resignations_and_retirements - Posting Date,director_appointments_resignations_and_retirements_new
KW,KINGSTON WHARVES LIMITED,press-release-kingston-wharves-limited-kw-announces-leadership-changes,https://www.jamstockex.com/wp-content/uploads/2019/12/Press-Release-Kingston-Wharves-Limited-KW-Announces-Leadership-Changes.pdf,9/12/2019 16:05,"Articles,Change in Management",inherit,publish,2019,"{document_type: Appointments, Resignations and Retirements [Management]}",management_appointments_resignations_and_retirements,success,Yes,company_name - symbol   - management_appointments_resignations_and_retirements - Posting Date,management_appointments_resignations_and_retirements_new
LASF,LASCO FINANCIAL SERVICES LIMITED,scotia-group-transfers-crediscotia-to-lasco-financial,https://www.jamstockex.com/wp-content/uploads/2017/11/Scotia-Group-Transfers-CrediScotia-to-LASCO-Financial-.pdf,14/11/2017 16:20,"Acquisitions,Articles",inherit,publish,2017,,acquisitions_mergers_and_disposals,pending,Yes,company_name - symbol - acquisitions_mergers_and_disposals - Posting Date,acquisitions_mergers_and_disposals_new
MASSY,MASSY HOLDINGS LTD,massy-change-in-senior-officer-and-director,https://www.jamstockex.com/wp-content/uploads/2022/05/MASSY-Change-in-Senior-Officer-and-Director.pdf,27/5/2022 6:06,"Resignations/Retirements​​,Articles,Change in Management",inherit,publish,2022,,director_appointments_resignations_and_retirements,pending,Yes,company_name - symbol  - director_appointments_resignations_and_retirements - Posting Date,director_appointments_resignations_and_retirements_new
MASSY,MASSY HOLDINGS LTD,massy-change-in-senior-officer-and-director,https://www.jamstockex.com/wp-content/uploads/2022/05/MASSY-Change-in-Senior-Officer-and-Director.pdf,27/5/2022 6:06,"Resignations/Retirements​​,Articles,Change in Management",inherit,publish,2022,,management_appointments_resignations_and_retirements,pending,Yes,company_name - symbol   - management_appointments_resignations_and_retirements - Posting Date,management_appointments_resignations_and_retirements_new
MFS,MFS CAPITAL PARTNERS LIMITED,ssl-venture-capital-jamaica-limited-sells-partial-rights-in-c2ws-music-catalogue-to-former-ceo-and-chairman,https://www.jamstockex.com/wp-content/uploads/2018/08/SSL-Venture-Capital-Jamaica-Limited-Sells-Partial-Rights-in-C2W’s-Music-Catalogue-to-Former-CEO-and-Chairman.pdf,31/8/2018 8:56,"Articles,General",inherit,publish,2018,,acquisitions_mergers_and_disposals,pending,Yes,company_name - symbol - acquisitions_mergers_and_disposals - Posting Date,acquisitions_mergers_and_disposals_new
MFS,MFS CAPITAL PARTNERS LIMITED,ssl-venture-capital-jamaica-limited-sslvc-corporate-advisory-august-9-2019-2,https://www.jamstockex.com/wp-content/uploads/2019/08/SSL-Venture-Capital-Jamaica-Limited-SSLVC-Corporate-Advisory-August-9-2019-1.pdf,12/8/2019 17:06,"Corporate Governance Policy,Articles",inherit,publish,2019,,acquisitions_mergers_and_disposals,pending,Yes,company_name - symbol - acquisitions_mergers_and_disposals - Posting Date,acquisitions_mergers_and_disposals_new
MFS,MFS CAPITAL PARTNERS LIMITED,ssl-venture-capital-jamaica-limited-sslvc-corporate-advisory-resignation-appointment,https://www.jamstockex.com/wp-content/uploads/2019/09/SSL-Venture-Capital-Jamaica-Limited-SSLVC-Corporate-Advisory-Resignation-Appointment.pdf,19/9/2019 16:30,"Appointments,Resignations/Retirements​​,Articles",inherit,publish,2019,,management_appointments_resignations_and_retirements,pending,Yes,company_name - symbol   - management_appointments_resignations_and_retirements - Posting Date,management_appointments_resignations_and_retirements_new
MFS,MFS CAPITAL PARTNERS LIMITED,ssl-venture-capital-jamaica-limited-sslvc-corporate-advisory-resignation-appointment,https://www.jamstockex.com/wp-content/uploads/2019/09/SSL-Venture-Capital-Jamaica-Limited-SSLVC-Corporate-Advisory-Resignation-Appointment.pdf,19/9/2019 16:30,"Appointments,Resignations/Retirements​​,Articles",inherit,publish,2019,,director_appointments_resignations_and_retirements,pending,Yes,company_name - symbol  - director_appointments_resignations_and_retirements - Posting Date,director_appointments_resignations_and_retirements_new
MFS,MFS CAPITAL PARTNERS LIMITED,sslvc-sale-of-20-stake-in-bluedot-shares-to-yes-iyah-limited,https://www.jamstockex.com/wp-content/uploads/2021/10/SSLVC-Sale-of-20-Stake-in-BlueDot-Shares-to-Yes-Iyah-Limited.pdf,13/10/2021 11:13,"Trading in Shares​​,Articles,Other Company News",inherit,publish,2021,,acquisitions_mergers_and_disposals,pending,Yes,company_name - symbol - acquisitions_mergers_and_disposals - Posting Date,acquisitions_mergers_and_disposals_new
MFS,MFS CAPITAL PARTNERS LIMITED,sslvc-final-update-on-sale-of-blue-dot-data-intelligence-shares,https://www.jamstockex.com/wp-content/uploads/2021/12/SSLVC-Final-Update-on-Sale-of-Blue-Dot-Data-Intelligence-Shares.pdf,21/12/2021 15:43,Articles,inherit,publish,2021,,acquisitions_mergers_and_disposals,pending,Yes,company_name - symbol - acquisitions_mergers_and_disposals - Posting Date,acquisitions_mergers_and_disposals_new
MGL,MAYBERRY GROUP LTD.,mgl-subsidiary-board-and-executive-management-changes-final,https://www.jamstockex.com/wp-content/uploads/2024/10/MGL-SUBSIDIARY-BOARD-AND-EXECUTIVE-MANAGEMENT-CHANGES-FINAL.pdf,16/10/2024 14:59,"Other Company News,Change in Management",inherit,publish,2024,,management_appointments_resignations_and_retirements,pending,Yes,company_name - symbol   - management_appointments_resignations_and_retirements - Posting Date,management_appointments_resignations_and_retirements_new
MGL,MAYBERRY GROUP LTD.,mgl-subsidiary-board-and-executive-management-changes-final,https://www.jamstockex.com/wp-content/uploads/2024/10/MGL-SUBSIDIARY-BOARD-AND-EXECUTIVE-MANAGEMENT-CHANGES-FINAL.pdf,16/10/2024 14:59,"Other Company News,Change in Management",inherit,publish,2024,,director_appointments_resignations_and_retirements,pending,Yes,company_name - symbol  - director_appointments_resignations_and_retirements - Posting Date,director_appointments_resignations_and_retirements_new
MGL,MAYBERRY GROUP LTD.,mil-announcement-of-results-of-scheme-meeting-website-august-14-2023,https://www.jamstockex.com/wp-content/uploads/2023/08/MIL-Announcement-of-Results-of-Scheme-Meeting-Website-August-14-2023.pdf,18/8/2023 14:02,"Other Company News,Articles,Acquisitions,General Meetings (AGM’s, Extra-Ordinary or Other Shareholders Meetings)",inherit,pending,2023,,other_company_news,pending,Yes,company_name - symbol - other_company_news - Posting Date,other_company_news_new
MPCCEL,MPC CARIBBEAN CLEAN ENERGY LIMITED,mpc-caribbean-clean-energy-limited-mpccel-renounceable-rights-issue,https://www.jamstockex.com/wp-content/uploads/2019/10/MPC-Caribbean-Clean-Energy-Limited-MPCCEL-Renounceable-Rights-Issue.pdf,24/10/2019 19:37,"Other Company News,Articles,Rights Issue (Circulars &amp; Documents)",inherit,publish,2019,,other_company_news,pending,Yes,company_name - symbol - other_company_news - Posting Date,other_company_news_new
MPCCEL,MPC CARIBBEAN CLEAN ENERGY LIMITED,mpc-caribbean-clean-energy-limited-mpccel-renounceable-rights-issue,https://www.jamstockex.com/wp-content/uploads/2019/10/MPC-Caribbean-Clean-Energy-Limited-MPCCEL-Renounceable-Rights-Issue.pdf,24/10/2019 19:37,"Other Company News,Articles,Rights Issue (Circulars &amp; Documents)",inherit,publish,2019,,rights_issue,pending,Yes,company_name - symbol - rights_issue - Posting Date,rights_issue_new
MPCCEL,MPC CARIBBEAN CLEAN ENERGY LIMITED,mpc-caribbean-clean-energy-limited-rights-isuue-offer-extended,https://www.jamstockex.com/wp-content/uploads/2019/12/MPC-Caribbean-Clean-Energy-Limited-Rights-Isuue-Offer-Extended.pdf,24/12/2019 13:42,"Other Company News,Articles,General,Rights Issue (Circulars &amp; Documents)",inherit,publish,2019,,other_company_news,pending,Yes,company_name - symbol - other_company_news - Posting Date,other_company_news_new
MPCCEL,MPC CARIBBEAN CLEAN ENERGY LIMITED,mpc-caribbean-clean-energy-limited-rights-isuue-offer-extended,https://www.jamstockex.com/wp-content/uploads/2019/12/MPC-Caribbean-Clean-Energy-Limited-Rights-Isuue-Offer-Extended.pdf,24/12/2019 13:42,"Other Company News,Articles,General,Rights Issue (Circulars &amp; Documents)",inherit,publish,2019,,rights_issue,pending,Yes,company_name - symbol - rights_issue - Posting Date,rights_issue_new
MPCCEL,MPC CARIBBEAN CLEAN ENERGY LIMITED,notice_se_pp_material_change,https://www.jamstockex.com/wp-content/uploads/2025/04/Notice_SE_PP_Material_Change.pdf,3/4/2025 6:37,"Articles,Other Company News",inherit,publish,2025,,acquisitions_mergers_and_disposals,pending,Yes,company_name - symbol - acquisitions_mergers_and_disposals - Posting Date,acquisitions_mergers_and_disposals_new
NCBFG,NCB FINANCIAL GROUP LIMITED,ncb-financial-group-limited-announces-transaction-to-acquire-majority-stake-in-clarien-group-limited,https://www.jamstockex.com/wp-content/uploads/2017/12/NCB-Financial-Group-Limited-Announces-Transaction-to-Acquire-Majority-Stake-in-Clarien-Group-Limited.pdf,1/12/2017 12:39,"Articles,Acquisitions",inherit,publish,2017,,acquisitions_mergers_and_disposals,pending,Yes,company_name - symbol - acquisitions_mergers_and_disposals - Posting Date,acquisitions_mergers_and_disposals_new
NCBFG,NCB FINANCIAL GROUP LIMITED,investor-release-ncb-financial-group-limited-ncb-announces-sale-of-jmmb-group-limited-jmmbgl-shares,https://www.jamstockex.com/wp-content/uploads/2018/12/Investor-Release-NCB-Financial-Group-Limited-NCB-Announces-Sale-of-JMMB-Group-Limited-JMMBGL-Shares.pdf,27/12/2018 16:49,"Articles,Other Company News",inherit,publish,2018,,other_company_news,pending,Yes,company_name - symbol - other_company_news - Posting Date,other_company_news_new
NCBFG,NCB FINANCIAL GROUP LIMITED,ncb-financial-group-ncbfg-announces-leadership-changes-at-national-commercial-bank-jamaica-limited,https://www.jamstockex.com/wp-content/uploads/2019/07/NCB-Financial-Group-NCBFG-Announces-Leadership-Changes-at-National-Commercial-Bank-Jamaica-Limited.pdf,26/7/2019 17:18,"Other Company News,Articles",inherit,publish,2019,,management_appointments_resignations_and_retirements,pending,Yes,company_name - symbol   - management_appointments_resignations_and_retirements - Posting Date,management_appointments_resignations_and_retirements_new
NCBFG,NCB FINANCIAL GROUP LIMITED,ncb-financial-group-ncbfg-announces-leadership-changes-at-national-commercial-bank-jamaica-limited,https://www.jamstockex.com/wp-content/uploads/2019/07/NCB-Financial-Group-NCBFG-Announces-Leadership-Changes-at-National-Commercial-Bank-Jamaica-Limited.pdf,26/7/2019 17:18,"Other Company News,Articles",inherit,publish,2019,,director_appointments_resignations_and_retirements,pending,Yes,company_name - symbol  - director_appointments_resignations_and_retirements - Posting Date,director_appointments_resignations_and_retirements_new
NCBFG,NCB FINANCIAL GROUP LIMITED,ncb-financial-group-limited-ncbfg-completion-of-sale-of-advantage-general-insurance-company,https://www.jamstockex.com/wp-content/uploads/2019/09/NCB-Financial-Group-Limited-NCBFG-Completion-of-Sale-of-Advantage-General-Insurance-Company.pdf,30/9/2019 16:11,"Articles,Other Company News",inherit,publish,2019,,acquisitions_mergers_and_disposals,pending,Yes,company_name - symbol - acquisitions_mergers_and_disposals - Posting Date,acquisitions_mergers_and_disposals_new
NCBFG,NCB FINANCIAL GROUP LIMITED,ncbfg-release-leadership-development-at-ghl-eff-01oct2022,https://www.jamstockex.com/wp-content/uploads/2022/10/NCBFG-Release-Leadership-Development-at-GHL-eff-01Oct2022.pdf,5/10/2022 20:35,"Other Company News,Articles",inherit,publish,2022,,director_appointments_resignations_and_retirements,pending,Yes,company_name - symbol  - director_appointments_resignations_and_retirements - Posting Date,director_appointments_resignations_and_retirements_new
NCBFG,NCB FINANCIAL GROUP LIMITED,ncbfg-release-leadership-development-at-ghl-eff-01oct2022,https://www.jamstockex.com/wp-content/uploads/2022/10/NCBFG-Release-Leadership-Development-at-GHL-eff-01Oct2022.pdf,5/10/2022 20:35,"Other Company News,Articles",inherit,publish,2022,,management_appointments_resignations_and_retirements,pending,Yes,company_name - symbol   - management_appointments_resignations_and_retirements - Posting Date,management_appointments_resignations_and_retirements_new
PAL,PALACE AMUSEMENT CO. LTD.,the-palace-amusement-company-1921-limited-pal-notice-of-annual-general-meeting,https://www.jamstockex.com/wp-content/uploads/2019/10/The-Palace-Amusement-Company-1921-Limited-PAL-Notice-of-Annual-General-Meeting.pdf,29/10/2019 17:46,"Articles,General Meetings (AGM’s, Extra-Ordinary or Other Shareholders Meetings)",inherit,publish,2019,,general_meetings,pending,Yes,company_name - symbol- general_meetings - Posting Date,general_meetings_new
PJAM,PAN JAMAICA GROUP LIMITED,jse-release-pjam-announces-name-change-board-appointments-and-senior-management-changes-2,https://www.jamstockex.com/wp-content/uploads/2023/04/JSE-Release-PJAM-Announces-Name-Change-Board-Appointments-and-Senior-Management-Changes-1-1.pdf,3/4/2023 10:43,"Other Company News,Appointments",inherit,publish,2023,,director_appointments_resignations_and_retirements,pending,Yes,company_name - symbol  - director_appointments_resignations_and_retirements - Posting Date,director_appointments_resignations_and_retirements_new
PJAM,PAN JAMAICA GROUP LIMITED,jse-release-pjam-announces-name-change-board-appointments-and-senior-management-changes-2,https://www.jamstockex.com/wp-content/uploads/2023/04/JSE-Release-PJAM-Announces-Name-Change-Board-Appointments-and-Senior-Management-Changes-1-1.pdf,3/4/2023 10:43,"Other Company News,Appointments",inherit,publish,2023,,management_appointments_resignations_and_retirements,pending,Yes,company_name - symbol   - management_appointments_resignations_and_retirements - Posting Date,management_appointments_resignations_and_retirements_new
RJR,RADIO JAMAICA LIMITED,rjr-gleaner-press-statement-joint-on-delay-of-egms,https://www.jamstockex.com/wp-content/uploads/2015/12/RJR-GLEANER-Press-Statement-Joint-on-Delay-of-EGMs.pdf,4/12/2015 9:18,"General Meetings (AGM’s, Extra-Ordinary or Other Shareholders Meetings),Articles",inherit,publish,2015,,other_company_news,pending,Yes,company_name - symbol - other_company_news - Posting Date,other_company_news_new
RJR,RADIO JAMAICA LIMITED,rjr-gleaner-notice-to-shareholders,https://www.jamstockex.com/wp-content/uploads/2015/12/RJR-GLEANER-Notice-to-Shareholders.pdf,4/12/2015 9:19,"Articles,General Meetings (AGM’s, Extra-Ordinary or Other Shareholders Meetings)",inherit,publish,2015,,general_meetings,pending,Yes,company_name - symbol- general_meetings - Posting Date,general_meetings_new
RJR,RADIO JAMAICA LIMITED,glnr-notice-to-shareholders-on-synergies,https://www.jamstockex.com/wp-content/uploads/2015/12/GLNR-Notice-to-Shareholders-on-Synergies.pdf,11/12/2015 13:35,Articles,inherit,publish,2015,,other_company_news,pending,Yes,company_name - symbol - other_company_news - Posting Date,other_company_news_new
RJR,RADIO JAMAICA LIMITED,glnr-notice-to-shareholders-on-synergies,https://www.jamstockex.com/wp-content/uploads/2015/12/GLNR-Notice-to-Shareholders-on-Synergies.pdf,11/12/2015 13:35,Articles,inherit,publish,2015,,acquisitions_mergers_and_disposals,pending,Yes,company_name - symbol - acquisitions_mergers_and_disposals - Posting Date,acquisitions_mergers_and_disposals_new
RJR,RADIO JAMAICA LIMITED,glnr-notice-to-update-shareholders,https://www.jamstockex.com/wp-content/uploads/2015/12/GLNR-Notice-to-update-Shareholders.pdf,16/12/2015 10:17,Articles,inherit,publish,2015,,acquisitions_mergers_and_disposals,pending,Yes,company_name - symbol - acquisitions_mergers_and_disposals - Posting Date,acquisitions_mergers_and_disposals_new
RJR,RADIO JAMAICA LIMITED,gleaner-media-release-voting-results,https://www.jamstockex.com/wp-content/uploads/2015/12/Gleaner-Media-Release-Voting-results.pdf,31/12/2015 10:03,Articles,inherit,publish,2015,,acquisitions_mergers_and_disposals,pending,Yes,company_name - symbol - acquisitions_mergers_and_disposals - Posting Date,acquisitions_mergers_and_disposals_new
RJR,RADIO JAMAICA LIMITED,rjr-gleaner-court-order,https://www.jamstockex.com/wp-content/uploads/2016/02/RJR-GLEANER-Court-Order.pdf,19/2/2016 8:55,Articles,inherit,publish,2016,,acquisitions_mergers_and_disposals,pending,Yes,company_name - symbol - acquisitions_mergers_and_disposals - Posting Date,acquisitions_mergers_and_disposals_new
RJR,RADIO JAMAICA LIMITED,rjr-appointment-chairman,https://www.jamstockex.com/wp-content/uploads/2019/04/RJR-Appointment-Chairman.pdf,8/4/2019 18:48,"Articles,Appointments",inherit,publish,2019,,management_appointments_resignations_and_retirements,pending,Yes,company_name - symbol   - management_appointments_resignations_and_retirements - Posting Date,management_appointments_resignations_and_retirements_new
RJR,RADIO JAMAICA LIMITED,rjr-appointment-chairman,https://www.jamstockex.com/wp-content/uploads/2019/04/RJR-Appointment-Chairman.pdf,8/4/2019 18:48,"Articles,Appointments",inherit,publish,2019,,director_appointments_resignations_and_retirements,pending,Yes,company_name - symbol  - director_appointments_resignations_and_retirements - Posting Date,director_appointments_resignations_and_retirements_new
RJR,RADIO JAMAICA LIMITED,radio-jamaica-limited-rjrgleaner-group-divests-music-99-fm,https://www.jamstockex.com/wp-content/uploads/2021/04/Radio-Jamaica-Limited-RJRGLEANER-Group-Divests-Music-99-FM.pdf,6/4/2021 12:55,Articles,inherit,publish,2021,,acquisitions_mergers_and_disposals,pending,Yes,company_name - symbol - acquisitions_mergers_and_disposals - Posting Date,acquisitions_mergers_and_disposals_new
RJR,RADIO JAMAICA LIMITED,signed-minutes-of-1834-scheme-of-arrangement-meeting-held-on-aug-10-2022,https://www.jamstockex.com/wp-content/uploads/2022/11/Signed-Minutes-of-1834-Scheme-of-Arrangement-Meeting-held-on-Aug.-10-2022.pdf,30/11/2022 12:47,"General Meetings (AGM’s, Extra-Ordinary or Other Shareholders Meetings),Acquisitions,Articles",inherit,publish,2022,,general_meetings,pending,Yes,company_name - symbol- general_meetings - Posting Date,general_meetings_new
RJR,RADIO JAMAICA LIMITED,202310311504517861-2,https://www.jamstockex.com/wp-content/uploads/2023/10/202310311504517861-1.pdf,31/10/2023 15:15,"Articles,Appointments",inherit,publish,2023,,director_appointments_resignations_and_retirements,pending,Yes,company_name - symbol  - director_appointments_resignations_and_retirements - Posting Date,director_appointments_resignations_and_retirements_new
RJR,RADIO JAMAICA LIMITED,202310311504517861-2,https://www.jamstockex.com/wp-content/uploads/2023/10/202310311504517861-1.pdf,31/10/2023 15:15,"Articles,Appointments",inherit,publish,2023,,management_appointments_resignations_and_retirements,pending,Yes,company_name - symbol   - management_appointments_resignations_and_retirements - Posting Date,management_appointments_resignations_and_retirements_new
SELECTMD,SAGICOR SELECT FUNDS LIMITED MANUFACTURING & DISTRIBUTION,sagicor-select-funds-limited-selectf-notice-of-annual-general-meeting-2,https://www.jamstockex.com/wp-content/uploads/2020/07/Sagicor-Select-Funds-Limited-SELECTF-Notice-of-Annual-General-Meeting.pdf,22/7/2020 15:34,Articles,inherit,draft,2020,,general_meetings,pending,Yes,company_name - symbol- general_meetings - Posting Date,general_meetings_new
SELECTF,SAGICOR SELECT FUNDS LIMITED - FINANCIAL,sagicor-select-funds-limited-selectf-notice-of-annual-general-meeting-2,https://www.jamstockex.com/wp-content/uploads/2020/07/Sagicor-Select-Funds-Limited-SELECTF-Notice-of-Annual-General-Meeting.pdf,22/7/2020 15:34,Articles,inherit,draft,2020,,general_meetings,pending,Yes,company_name - symbol- general_meetings - Posting Date,general_meetings_new
SELECTMD,SAGICOR SELECT FUNDS LIMITED MANUFACTURING & DISTRIBUTION,sagicor-select-funds-limited-select-notice-of-annual-general-meeting-2,https://www.jamstockex.com/wp-content/uploads/2021/06/Sagicor-Select-Funds-Limited-SELECT-Notice-of-Annual-General-Meeting.pdf,15/6/2021 13:39,Articles,inherit,publish,2021,,general_meetings,pending,Yes,company_name - symbol- general_meetings - Posting Date,general_meetings_new
SELECTF,SAGICOR SELECT FUNDS LIMITED - FINANCIAL,sagicor-select-funds-limited-select-notice-of-annual-general-meeting-2,https://www.jamstockex.com/wp-content/uploads/2021/06/Sagicor-Select-Funds-Limited-SELECT-Notice-of-Annual-General-Meeting.pdf,15/6/2021 13:39,Articles,inherit,publish,2021,,general_meetings,pending,Yes,company_name - symbol- general_meetings - Posting Date,general_meetings_new
SELECTMD,SAGICOR SELECT FUNDS LIMITED MANUFACTURING & DISTRIBUTION,sagicor-select-funds-limited-notice-of-annual-general-meeting,https://www.jamstockex.com/wp-content/uploads/2022/05/Sagicor-Select-Funds-Limited-Notice-of-Annual-General-Meeting.pdf,2/5/2022 10:31,agm,inherit,publish,2022,,general_meetings,pending,Yes,company_name - symbol- general_meetings - Posting Date,general_meetings_new
SELECTF,SAGICOR SELECT FUNDS LIMITED - FINANCIAL,sagicor-select-funds-limited-notice-of-annual-general-meeting,https://www.jamstockex.com/wp-content/uploads/2022/05/Sagicor-Select-Funds-Limited-Notice-of-Annual-General-Meeting.pdf,2/5/2022 10:31,agm,inherit,publish,2022,,general_meetings,pending,Yes,company_name - symbol- general_meetings - Posting Date,general_meetings_new
SELECTMD,SAGICOR SELECT FUNDS LIMITED MANUFACTURING & DISTRIBUTION,sagicor-select-funds-limited-notice-of-annual-general-meeting-2,https://www.jamstockex.com/wp-content/uploads/2023/05/Sagicor-Select-Funds-Limited-Notice-of-Annual-General-Meeting.pdf,2/5/2023 14:45,"agm,General Meetings (AGM’s, Extra-Ordinary or Other Shareholders Meetings),Other Company News",inherit,publish,2023,,general_meetings,pending,Yes,company_name - symbol- general_meetings - Posting Date,general_meetings_new
SELECTF,SAGICOR SELECT FUNDS LIMITED - FINANCIAL,sagicor-select-funds-limited-notice-of-annual-general-meeting-2,https://www.jamstockex.com/wp-content/uploads/2023/05/Sagicor-Select-Funds-Limited-Notice-of-Annual-General-Meeting.pdf,2/5/2023 14:45,"agm,General Meetings (AGM’s, Extra-Ordinary or Other Shareholders Meetings),Other Company News",inherit,publish,2023,,general_meetings,pending,Yes,company_name - symbol- general_meetings - Posting Date,general_meetings_new
SEP,SEPROD LIMITED,seprod-limited-press-release,https://www.jamstockex.com/wp-content/uploads/2025/05/Seprod-Limited-Press-Release.pdf,2/5/2025 16:23,"Acquisitions,Other Company News",inherit,publish,2025,,takeover_bids_and_scheme_of_arrangements,pending,Yes,company_name - symbol - takeover_bids_and_scheme_of_arrangements - Posting Date,takeover_bids_and_scheme_of_arrangements_new
SGJ,SCOTIA GROUP JAMAICA LIMITED,scotia-group-transfers-crediscotia-to-lasco-financial,https://www.jamstockex.com/wp-content/uploads/2017/11/Scotia-Group-Transfers-CrediScotia-to-LASCO-Financial-.pdf,14/11/2017 16:20,"Articles,Acquisitions",inherit,publish,2017,,acquisitions_mergers_and_disposals,pending,Yes,company_name - symbol - acquisitions_mergers_and_disposals - Posting Date,acquisitions_mergers_and_disposals_new
SGJ,SCOTIA GROUP JAMAICA LIMITED,press-release-supreme-courts-grants-approval-for-scotia-investments-to-convene-scheme-meeting,https://www.jamstockex.com/wp-content/uploads/2017/07/Press-Release-Supreme-Courts-Grants-Approval-for-Scotia-Investments-to-Convene-Scheme-Meeting.pdf,27/7/2017 8:56,"Articles,General Meetings (AGM’s, Extra-Ordinary or Other Shareholders Meetings)",inherit,publish,2017,,takeover_bids_and_scheme_of_arrangements,pending,Yes,company_name - symbol - takeover_bids_and_scheme_of_arrangements - Posting Date,takeover_bids_and_scheme_of_arrangements_new
SGJ,SCOTIA GROUP JAMAICA LIMITED,sijl-notice-of-meeting-to-consider-scheme-of-arrangement,https://www.jamstockex.com/wp-content/uploads/2017/08/SIJL-Notice-of-Meeting-to-Consider-Scheme-of-Arrangement.pdf,4/8/2017 16:16,"General Meetings (AGM’s, Extra-Ordinary or Other Shareholders Meetings),Articles",inherit,publish,2017,,takeover_bids_and_scheme_of_arrangements,pending,Yes,company_name - symbol - takeover_bids_and_scheme_of_arrangements - Posting Date,takeover_bids_and_scheme_of_arrangements_new
SGJ,SCOTIA GROUP JAMAICA LIMITED,press-release-supreme-court-approves-scotia-investments-jamaica-limited-scheme-of-arrangement,https://www.jamstockex.com/wp-content/uploads/2017/10/PRESS-RELEASE-Supreme-Court-Approves-Scotia-Investments-Jamaica-Limited-Scheme-of-Arrangement.pdf,2/10/2017 9:01,"Articles,Other Company News",inherit,publish,2017,,takeover_bids_and_scheme_of_arrangements,pending,Yes,company_name - symbol - takeover_bids_and_scheme_of_arrangements - Posting Date,takeover_bids_and_scheme_of_arrangements_new
SJ,SAGICOR GROUP JAMAICA LIMITED,sagicor-group-acquisition-of-shares-in-recent-rights-issue,https://www.jamstockex.com/wp-content/uploads/2015/09/Sagicor-Group-acquisition-of-shares-in-recent-Rights-Issue.pdf,4/9/2015 12:20,Articles,inherit,publish,2015,,acquisitions_mergers_and_disposals,pending,Yes,company_name - symbol - acquisitions_mergers_and_disposals - Posting Date,acquisitions_mergers_and_disposals_new
SJ,SAGICOR GROUP JAMAICA LIMITED,news-release-richard-byles-to-be-appointed-chairman-of-sagicor-group-jamaica,https://www.jamstockex.com/wp-content/uploads/2017/03/News-Release-Richard-Byles-to-be-Appointed-Chairman-of-Sagicor-Group-Jamaica.pdf,21/3/2017 10:15,"Articles,Other Company News",inherit,publish,2017,,director_appointments_resignations_and_retirements,pending,Yes,company_name - symbol  - director_appointments_resignations_and_retirements - Posting Date,director_appointments_resignations_and_retirements_new
SJ,SAGICOR GROUP JAMAICA LIMITED,news-release-richard-byles-to-be-appointed-chairman-of-sagicor-group-jamaica,https://www.jamstockex.com/wp-content/uploads/2017/03/News-Release-Richard-Byles-to-be-Appointed-Chairman-of-Sagicor-Group-Jamaica.pdf,21/3/2017 10:15,"Articles,Other Company News",inherit,publish,2017,,management_appointments_resignations_and_retirements,pending,Yes,company_name - symbol   - management_appointments_resignations_and_retirements - Posting Date,management_appointments_resignations_and_retirements_new
TTECH,TTECH LIMITED,notice-of-takeover-offer-for-ttech-shares-13-dec-2024,https://www.jamstockex.com/wp-content/uploads/2024/12/Notice-of-Takeover-Offer-for-tTech-Shares-13-Dec-2024.pdf,13/12/2024 14:06,"Articles,General,Take-over Bid Circular​",inherit,publish,2024,,takeover_bids_and_scheme_of_arrangements,pending,Yes,company_name - symbol - takeover_bids_and_scheme_of_arrangements - Posting Date,takeover_bids_and_scheme_of_arrangements_new
TTECH,TTECH LIMITED,ttech-offer-circular-mandatory-offer-12-dec-2024,https://www.jamstockex.com/wp-content/uploads/2024/12/tTech-Offer-Circular-Mandatory-Offer-12-Dec-2024.pdf,13/12/2024 14:13,"Articles,General,Take-over Bid Circular​",inherit,publish,2024,,takeover_bids_and_scheme_of_arrangements,pending,Yes,company_name - symbol - takeover_bids_and_scheme_of_arrangements - Posting Date,takeover_bids_and_scheme_of_arrangements_new
TTECH,TTECH LIMITED,ttech-directors-circular-errata-page-24-dec-2024,https://www.jamstockex.com/wp-content/uploads/2024/12/tTech-Directors-Circular-Errata-Page-24-Dec-2024.pdf,23/12/2024 23:01,"Directors' Circular,Articles",inherit,publish,2024,,directors_circular,pending,Yes,company_name - symbol - directors_circular - Posting Date,directors_circular_new
TTECH,TTECH LIMITED,notice-to-shareholders-24-dec-2024,https://www.jamstockex.com/wp-content/uploads/2024/12/Notice-to-Shareholders-24-Dec-2024.pdf,24/12/2024 13:56,"Articles,General,Take-over Bid Circular​",inherit,publish,2024,,takeover_bids_and_scheme_of_arrangements,pending,Yes,company_name - symbol - takeover_bids_and_scheme_of_arrangements - Posting Date,takeover_bids_and_scheme_of_arrangements_new
VMIL,VM INVESTMENTS LIMITED,pressrelease-vmil-investment-in-home-choice-may-31-2022,https://www.jamstockex.com/wp-content/uploads/2022/05/PressRelease-VMIL-investment-in-Home-Choice-May-31-2022.pdf,31/5/2022 18:42,Articles,inherit,publish,2022,,acquisitions_mergers_and_disposals,pending,Yes,company_name - symbol - acquisitions_mergers_and_disposals - Posting Date,acquisitions_mergers_and_disposals_new
WISYNCO,WISYNCO GROUP LTD ORDINARY SHARES,click-here-to-download,https://www.jamstockex.com/wp-content/uploads/2019/04/Click-here-to-download.pdf,16/4/2019 17:23,"Articles,Other Company News",inherit,publish,2019,,acquisitions_mergers_and_disposals,pending,Yes,company_name - symbol - acquisitions_mergers_and_disposals - Posting Date,acquisitions_mergers_and_disposals_new
XFUND,SAGICOR REAL ESTATE X FUND LTD.,sagicor-group-acquisition-of-shares-in-recent-rights-issue,https://www.jamstockex.com/wp-content/uploads/2015/09/Sagicor-Group-acquisition-of-shares-in-recent-Rights-Issue.pdf,4/9/2015 12:20,Articles,inherit,publish,2015,,acquisitions_mergers_and_disposals,pending,Yes,company_name - symbol - acquisitions_mergers_and_disposals - Posting Date,acquisitions_mergers_and_disposals_new
XFUND,SAGICOR REAL ESTATE X FUND LTD.,xfund_annual_report_2016,https://www.jamstockex.com/wp-content/uploads/2017/05/XFund_Annual_Report_2016.pdf,5/5/2017 12:43,Annual Reports,inherit,publish,2016,,annual_report,pending,Yes,company_name - symbol - annual_report - Financial Year,annual_report_new
GHL,GUARDIAN HOLDINGS LIMITED,24-04-02-ghl-record-date-ad-2,https://www.jamstockex.com/wp-content/uploads/2025/04/24-04-02-GHL-Record-Date-Ad.pdf,9/4/2025 6:00,Dividend Considerations,inherit,draft,2025,{document_type: Dividend Declaration},general_meetings,success,Yes,company_name - symbol- general_meetings - Posting Date,general_meetings_new
GHL,GUARDIAN HOLDINGS LIMITED,24-04-02-ghl-record-date-ad-2,https://www.jamstockex.com/wp-content/uploads/2025/04/24-04-02-GHL-Record-Date-Ad.pdf,9/4/2025 6:00,Dividend Considerations,inherit,draft,2025,{document_type: Dividend Declaration},dividend_declaration,success,Yes,company_name - symbol - dividend_declaration - Posting Date,dividend_declaration_new
GHL,GUARDIAN HOLDINGS LIMITED,ghl-record-date-nom-ad-jam-2,https://www.jamstockex.com/wp-content/uploads/2025/04/GHL-Record-Date-NOM-Ad-Jam-1.pdf,9/4/2025 15:03,"Dividend Considerations,Articles",inherit,publish,2025,{document_type: Dividend Declaration},general_meetings,success,Yes,company_name - symbol- general_meetings - Posting Date,general_meetings_new
GHL,GUARDIAN HOLDINGS LIMITED,ghl-record-date-nom-ad-jam-2,https://www.jamstockex.com/wp-content/uploads/2025/04/GHL-Record-Date-NOM-Ad-Jam-1.pdf,9/4/2025 15:03,"Dividend Considerations,Articles",inherit,publish,2025,{document_type: Dividend Declaration},dividend_declaration,success,Yes,company_name - symbol - dividend_declaration - Posting Date,dividend_declaration_new